place_id,source,name,phone,addr,street,city,state,postal,country,categories,website,socials
a9f75d54-eca0-4c52-8119-58578fdc427a,omf_stlouis_full.csv,fw logistics,6184828718.0,111 winnebago st,111 winnebago st,,,,,"[""self_storage_facility""]","[""https://fwlogistics.com/""]",[]
e79d13ea-6cf4-4bfd-a94d-f29195a8e3a8,omf_stlouis_full.csv,national committee for ex offenders equality,3149633200.0,5010 terry ave,5010 terry ave,,,,,"[""social_service_organizations""]","[""http://www.cfeoe.org/""]","[""https://www.facebook.com/110407907475056""]"
d1dee61c-77a5-4f61-8805-d43e5bc896b0,omf_pittsburgh_full.csv,western union,4125612329.0,1101 brookline blvd,1101 brookline blvd,,,,,"[""money_transfer_services""]","[""https://www.westernunion.com/?utm_source=bingmaps&utm_medium=pml-yext""]",[]
07a9fbe4-e846-4424-b8ad-26e654e97862,omf_tampa_full.csv,avard law offices,7278952217.0,550 n reo st,550 n reo st,,,,,"[""personal_injury_law""]","[""https://avardlaw.com/""]","[""https://www.facebook.com/108481990565135""]"
a977122f-7f1e-4de9-93b5-d10d3005d5db,omf_pittsburgh_full.csv,pair networks,4123817247.0,2403 sidney st,2403 sidney st,,,,,"[""web_designer""]","[""https://linktr.ee/pairnetworks""]","[""https://www.facebook.com/146927082050317""]"
4235496c-ac33-4333-b9dd-f8ddf7995070,omf_philadelphia_full.csv,style and grace by ciara,2157528030.0,150 east street road suite 5b,150 east street road suite 5b,,,,,"[""beauty_salon""]","[""https://styleandgracebyc.glossgenius.com/""]","[""https://www.facebook.com/1253547528007528""]"
81fc19d4-27cd-4ee6-b13b-07976f884ccc,omf_edmonton_full.csv,shan shan bakery,7809747788.0,10552 97 st nw,10552 97 st nw,,,,,"[""bakery""]",[],"[""https://www.facebook.com/610679305687226""]"
a6450c73-a13c-4990-8002-8fe326a925d1,omf_indianapolis_full.csv,guyer leonard d md,3175809355.0,836 e 86th st,836 e 86th st,,,,,"[""doctor""]","[""http://www.theguyerinstitute.com/""]","[""https://www.facebook.com/309219885828598""]"
eef4943d-2e78-4cd4-bdc5-460c39a745d6,omf_philadelphia_full.csv,masjid al mu id,2158492325.0,243 w chelten ave,243 w chelten ave,,,,,"[""religious_organization""]",[],"[""https://www.facebook.com/101028494667299""]"
d225f02a-aff9-463b-bb93-8fa98d39ea3a,omf_philadelphia_full.csv,cricket wireless,6102718253.0,3000 island ave,3000 island ave,,,,,"[""mobile_phone_store""]","[""http://www.mycricket.com/cell-phone-plans/?cm_mmc=blocal-_-local-_-na-_-263&utm_source=blocal&utm_medium=local&utm_campaign=263""]",[]
367e6a82-9b9c-4470-b68d-da2d951f41f7,omf_philadelphia_full.csv,heights philadelphia,2157901666.0,123 s broad st,123 s broad st,,,,,"[""community_services_non_profits""]","[""http://www.heights.org/""]","[""https://www.facebook.com/101424706097346""]"
5a58db41-3544-414c-b963-eab86b3e0fa7,omf_stlouis_full.csv,phillips 66 gas,3143817976.0,6150 natural bridge ave,6150 natural bridge ave,,,,,"[""gas_station""]","[""https://www.phillips66gas.com/""]","[""https://www.facebook.com/333297967223105""]"
fe417c9b-b2f8-4372-ba6c-77f9f5eba69d,omf_neworleans_full.csv,station 6,5043452936.0,105 metairie hammond hwy,105 metairie hammond hwy,,,,,"[""seafood_restaurant""]","[""http://www.station6nola.com/""]","[""https://www.facebook.com/833600116783745""]"
97bb899b-95f3-471d-b6c3-a6307c502818,omf_tucson_full.csv,dorothy terrazas fnp,5206948888.0,1501 n campbell ave,1501 n campbell ave,,,,,"[""internal_medicine""]","[""https://www.bannerhealth.com/physician-directory/t/terrazas-dorothy""]",[]
e32bab27-6aeb-48fd-bd99-2fb34f6c946b,omf_nashville_full.csv,taco bell,6157318177.0,5315 hickory hollow ln,5315 hickory hollow ln,,,,,"[""fast_food_restaurant""]","[""http://www.tacobell.com/""]","[""https://www.facebook.com/243978889006733""]"
b10939c3-b000-4bd1-beb0-0364752bfe09,omf_tampa_full.csv,varela westshore apartments,8135195631.0,1701 n lois ave,1701 n lois ave,,,,,"[""landmark_and_historical_building""]","[""https://varelawestshore.com/""]","[""https://www.facebook.com/1415470628715337""]"
1de6367e-1977-448c-abc2-c58e3c38c6ef,omf_edmonton_full.csv,face fx medspa,7807562667.0,10367 78 ave nw,10367 78 ave nw,,,,,"[""spas""]","[""http://facefxyeg.com/""]","[""https://www.facebook.com/984809028332023""]"
4acd968d-3934-4a59-9f13-6558c0ca983f,omf_edmonton_full.csv,brandys yard and garden care,2503273421.0,,,,,,,"[""landscaping""]",[],"[""https://www.facebook.com/104283156883534""]"
46843c61-30ea-4c81-85ef-78a2aa2c4335,omf_philadelphia_full.csv,parlor,6106496200.0,30 parking plz,30 parking plz,,,,,"[""pizza_restaurant""]","[""http://parlorardmore.com""]","[""https://www.twitter.com/parlorardmore""]"
ba958e69-aaa1-4968-90f8-9a65f6c5bf04,omf_indianapolis_full.csv,mattress guys north,3174931501.0,5333 n keystone ave,5333 n keystone ave,,,,,"[""retail""]",[],[]
c326818c-4769-45a3-baaa-8f59025ec905,omf_neworleans_full.csv,d b a,5049423731.0,618 frenchmen st,618 frenchmen st,,,,,"[""bar""]",[],"[""https://www.facebook.com/123888844369983""]"
e70e10b6-51b8-4cd9-9d47-2fbce1d60774,omf_indianapolis_full.csv,mc guire scenic,3179209000.0,1833 n new jersey st,1833 n new jersey st,,,,,"[""music_venue""]","[""http://www.mcguirescenic.com/""]",[]
2582d1f9-57ed-4b5a-a8d1-2679af4e6450,omf_tucson_full.csv,jmac electric,5202091621.0,1010 e pennsylvania st,1010 e pennsylvania st,,,,,"[""electrician""]","[""http://jmacelectric.com/""]","[""https://www.facebook.com/126458520843166""]"
8abc131d-154b-4417-9bc3-c94ece92efbd,omf_philadelphia_full.csv,the groomin room,2156125510.0,3828 morrell ave,3828 morrell ave,,,,,"[""pet_groomer""]","[""http://www.thegroominroom.com/""]","[""https://www.facebook.com/135110109882117""]"
9fc5917a-cac1-4f8e-9b65-54b5bd198485,omf_philadelphia_full.csv,waterfront south theatre,8564090365.0,400 jasper st,400 jasper st,,,,,"[""theatre""]","[""http://www.southcamdentheatre.org""]","[""https://www.twitter.com/artwillsaveus""]"
98740d2f-d061-4d7c-a209-662bf50f2c59,omf_edmonton_full.csv,turner townsend,7806430134.0,10117 jasper ave suite 1002,10117 jasper ave suite 1002,,,,,"[""construction_management""]","[""http://www.turnerandtownsend.com/""]",[]
c0e1fea9-9ab2-42fb-a5aa-51b751647033,omf_tampa_full.csv,athena bitcoin atm,3126904466.0,810 e sligh ave,810 e sligh ave,,,,,"[""atms""]","[""https://www.athenabitcoin.com/""]",[]
0ec481ed-1ecb-4fbf-9c37-4424b649b3fb,omf_edmonton_full.csv,nait fresh express,7804716248.0,11762 106 st nw,11762 106 st nw,,,,,"[""cafeteria""]","[""http://www.nait.ca""]","[""https://www.twitter.com/nait""]"
7d2785d6-ee59-4ff0-b4ef-54965126a0da,omf_nashville_full.csv,hallmark volkswagen,8558549082.0,2431 gallatin pike n,2431 gallatin pike n,,,,,"[""auto_parts_and_supply_store""]","[""http://www.hallmarkvw.com/""]",[]
2ede44b8-6878-4040-92eb-b5e9c01399ad,omf_philadelphia_full.csv,special vacations,2158441295.0,6757 greene st,6757 greene st,,,,,"[""travel_services""]","[""http://specialvacations.net/""]","[""https://www.facebook.com/167778836644954""]"
483fe30a-e7a9-4fb4-980d-945ebd96ec66,omf_philadelphia_full.csv,gather food hall,,3025 market st,3025 market st,,,,,"[""restaurant""]","[""https://www.gatherfoodhall.com/""]","[""https://www.facebook.com/760670457130956""]"
5c1e1836-6fb0-4de0-bef0-a59876ce1058,omf_tampa_full.csv,coin cloud bitcoin atm,8552642046.0,7430 palm river rd,7430 palm river rd,,,,,"[""atms""]","[""https://www.coin.cloud/dcms?location=save-a-lot-62#map""]","[""https://www.facebook.com/118548657485447""]"
1c26c4cf-d737-4343-8479-541cd45e35b8,omf_philadelphia_full.csv,kinetic wellness center,2154420404.0,630 byberry rd,630 byberry rd,,,,,"[""health_and_medical""]","[""https://kwell.setmore.com/""]","[""https://www.facebook.com/104887425682924""]"
d8d0a3d1-e1da-4a94-b699-a7226e5f1e2d,omf_indianapolis_full.csv,darbar sri guru granth sahib ji indianapolis,3175002501.0,2635 madison ave,2635 madison ave,,,,,"[""church_cathedral""]",[],"[""https://www.facebook.com/589928561100811""]"
e46b4e21-4384-4fae-bde4-3c71bbcf1c1d,omf_philadelphia_full.csv,khan brothers services,2675075030.0,7112 castor ave,7112 castor ave,,,,,"[""trusts""]","[""https://app.waitwhile.com/book/kbs""]","[""https://www.facebook.com/811069425752247""]"
532edc08-1870-4c6e-ab9d-ef6e754a8276,omf_tucson_full.csv,a and a tires and wheels,5203000050.0,5601 s palo verde rd,5601 s palo verde rd,,,,,"[""tire_dealer_and_repair""]",[],"[""https://www.facebook.com/1486568624930680""]"
8c683e30-9ffa-4262-a73b-65591d1bfaba,omf_santabarbara_full.csv,healthy pet,8056872804.0,3018 state st,3018 state st,,,,,"[""pet_store""]","[""http://www.healthypetsb.com/""]","[""https://www.facebook.com/727786127313286""]"
3373358d-5d11-4b30-bc71-d9ebe7231b5f,omf_neworleans_full.csv,jennifer slimmer ameriprise financial services llc,5048376541.0,1 galleria blvd ste 1111,1 galleria blvd ste 1111,,,,,"[""financial_service""]","[""https://www.ameripriseadvisors.com/jennifer.m.slimmer/""]","[""https://www.twitter.com/ameriprise|https://www.facebook.com/161275430585313""]"
178f10ba-b55d-4fc2-bbff-4a3878e499da,omf_indianapolis_full.csv,my love finder,3174562416.0,3507 n rybolt ave,3507 n rybolt ave,,,,,"[""it_service_and_computer_repair""]","[""https://mylovefinder.net""]",[]
1f31f425-d87a-4af2-8083-9741cf7f1613,omf_pittsburgh_full.csv,chase bank,4129188020.0,3618 5th ave,3618 5th ave,,,,,"[""atms""]","[""https://locator.chase.com/pa/pittsburgh/3618-5th-ave?jp_cmp=rb/LocalListings/aff/branch/na""]",[]
b3692a8a-9b48-45ff-bb4a-5279ee523d20,omf_indianapolis_full.csv,indiana library federation,3172572040.0,941 e 86th st,941 e 86th st,,,,,"[""community_services_non_profits""]","[""http://www.ilfonline.org/""]","[""https://www.facebook.com/182313277865""]"
888d0a81-ad5e-4f7a-ad90-50e7766053eb,omf_pittsburgh_full.csv,4four6 distillery,4127990446.0,703 main st,703 main st,,,,,"[""distillery""]","[""http://4four6distillery.com""]",[]
9dd5bb8d-e726-45f6-a7ce-8c9c3023d055,omf_indianapolis_full.csv,blue rhino propane exchange,3178795145.0,75 e epler ave,75 e epler ave,,,,,"[""propane_supplier""]","[""https://bluerhino.com/propane-finder?utm_source=bing&utm_medium=map&utm_campaign=vending_map&utm_content=220116""]",[]
6d5d96ed-b0cc-4746-bc16-ba31c3045750,omf_edmonton_full.csv,queen alexandra community hall,7804399046.0,10425 university ave,10425 university ave,,,,,"[""venue_and_event_space""]","[""http://www.qacl.ca""]",[]
42cd7acb-c0af-4322-93e0-77e6d741bcf4,omf_edmonton_full.csv,chipotle mexican grill,8259016304.0,4715 calgary trl nw,4715 calgary trl nw,,,,,"[""mexican_restaurant""]","[""https://locations.chipotle.ca/ab/edmonton/4715-calgary-trail-nw""]","[""https://www.facebook.com/429567140238231""]"
cf62e0c6-8a1b-4f26-b0b6-0197421d5e85,omf_stlouis_full.csv,a big difference signs graphics,3144816698.0,4460 virginia ave,4460 virginia ave,,,,,"[""sign_making""]","[""http://www.cheapsigns-fast.com""]","[""https://www.facebook.com/117199135006571""]"
f4711ce3-3355-42e0-ac0f-904ec4ce99f0,omf_pittsburgh_full.csv,allegheny county sanitary authority,4127664810.0,3300 preble ave,3300 preble ave,,,,,"[""social_and_human_services""]","[""http://www.alcosan.org""]",[]
df382d4d-db80-4b8c-a95b-df940d75e50d,omf_edmonton_full.csv,lawdepot,8552318424.0,9644 54 ave nw,9644 54 ave nw,,,,,"[""legal_services""]","[""http://www.lawdepot.com/""]","[""https://www.facebook.com/437352066349623""]"
5e667966-9951-47dd-8d4a-23954b92d0dc,omf_pittsburgh_full.csv,rebecca fillipih pa c,4126474545.0,120 lytton avenue university center suite 100 a,120 lytton avenue university center suite 100 a,,,,,"[""internal_medicine""]","[""https://providers.upmc.com/provider/Rebecca+Fillipih/2245149?utm_source=bing&utm_campaign=business-profile&utm_content=pcp_rebecca_fillipih""]",[]
812e3f1b-b2b2-48f6-9187-bbee798d5850,omf_philadelphia_full.csv,sherwood reserve,6108256131.0,101 sherwood ln,101 sherwood ln,,,,,"[""real_estate_agent""]","[""http://www.ryvenco.com/new-home/sherwood-reserve.html""]","[""https://www.facebook.com/187863784971952""]"
47980dea-5b7f-4d6e-b4e8-f8e99063641d,omf_pittsburgh_full.csv,premier construction design,4127841240.0,329 2nd st,329 2nd st,,,,,"[""building_supply_store""]","[""http://premiereconstruction.com""]",[]
42028270-0282-4721-94a4-64e30ae3cd5e,omf_philadelphia_full.csv,northwood park,,4700 northwood st,4700 northwood st,,,,,"[""park""]","[""http://www.northwoodcs.org/""]","[""https://www.facebook.com/105576666166284""]"
62121774-52d0-478d-bf05-82adb2be3474,omf_stlouis_full.csv,guidepost montessori at central west end,3143284972.0,4150 laclede ave,4150 laclede ave,,,,,"[""preschool""]","[""https://guidepostmontessori.com/central-west-end""]","[""https://www.facebook.com/109256204052827""]"
240f7092-ea92-4371-8847-611422573d4b,omf_tampa_full.csv,tampa flats and bay charters,8137278843.0,10913 n edison ave,10913 n edison ave,,,,,"[""fishing_charter""]","[""http://www.flatsandbay.com/""]",[]
16bc3b21-56ec-415a-ab9f-8382e706895c,omf_edmonton_full.csv,national defence and the canadian armed forces,7804525665.0,11807 kingsway ave nw,11807 kingsway ave nw,,,,,"[""public_service_and_government""]",[],"[""https://www.facebook.com/201527810409665""]"
831db03b-d9ff-4f91-8a51-57db150027a4,omf_tucson_full.csv,robert s barber lounge,5207483502.0,5420 e broadway blvd ste 252,5420 e broadway blvd ste 252,,,,,"[""hair_salon""]","[""http://www.robertsbarberlounge.com""]","[""https://www.facebook.com/129255740428864""]"
da27d742-4a06-4680-8af4-bdc26671d76f,omf_boise_full.csv,aire kitchen,9869992563.0,10386 w ustick rd,10386 w ustick rd,,,,,"[""bakery""]","[""http://airekitchen.com/""]","[""https://www.facebook.com/112146401381861""]"
fd19a085-714c-44ef-a07d-106c87e301c7,omf_indianapolis_full.csv,liv indy,3175482145.0,8445 keystone xing,8445 keystone xing,,,,,"[""property_management""]","[""https://www.livindy.co/""]","[""https://www.facebook.com/757494101128440""]"
20a68103-efcf-4762-8b63-545f8b790483,omf_philadelphia_full.csv,estilo dance studio,2673178849.0,2301 n front st,2301 n front st,,,,,"[""salsa_club""]","[""http://www.estilodancestudio.com""]",[]
b76363e4-107e-4b6f-80f2-b5f5e92888f0,omf_pittsburgh_full.csv,pps administration building,,341 s bellefield ave,341 s bellefield ave,,,,,"[""event_planning""]",[],"[""https://www.facebook.com/335491143682826""]"
9d9e43b6-b368-41f4-bf60-83466a9d9ac9,omf_stlouis_full.csv,west end management leasing services,3149002001.0,7801 forsyth blvd,7801 forsyth blvd,,,,,"[""property_management""]","[""http://westendmgt.com/""]","[""https://www.facebook.com/116036012137223""]"
af3b2aa0-a48d-4f02-a8e3-2eaf97c7d6da,omf_santabarbara_full.csv,blue rhino propane exchange,8055648855.0,217 e gutierrez st,217 e gutierrez st,,,,,"[""propane_supplier""]","[""https://bluerhino.com/propane-finder?utm_source=bing&utm_medium=map&utm_campaign=vending_map&utm_content=189548""]",[]
38391bdb-4db8-44a9-80f9-0861e6a439f5,omf_stlouis_full.csv,microwave,8166503635.0,,,,,,,"[""travel""]","[""http://micro-ovensstl.com/""]","[""https://www.facebook.com/207636906003579""]"
103c03b4-fbe2-4643-97be-6c9fecd330ce,omf_pittsburgh_full.csv,anytime fitness,4122772700.0,34 s 4th st,34 s 4th st,,,,,"[""gym""]","[""https://www.anytimefitness.com/locations/pittsburgh-pennsylvania-4480/?utm_source=bing&utm_medium=organic-businesslisting&utm_campaign=bpb-listing&utm_content=4480""]",[]
541c05db-4fc2-47b7-ae05-8bd1a25ec307,omf_philadelphia_full.csv,pts brokerage,8568029400.0,125 gaither dr,125 gaither dr,,,,,"[""insurance_agency""]","[""http://www.ptsbrokerage.com/""]","[""https://www.facebook.com/600918816440174""]"
25435249-fbdb-43b1-9679-acd109b87623,omf_pittsburgh_full.csv,201 stanwix street apartments,4122270959.0,201 stanwix st,201 stanwix st,,,,,"[""accommodation""]","[""http://www.pmcpropertygroup.com/properties/201-stanwix""]","[""https://www.facebook.com/220598464803577""]"
6d83ea98-35b7-4d41-856c-a97feb55d6d5,omf_indianapolis_full.csv,gnc live well,3178833676.0,3100 meridian parke dr,3100 meridian parke dr,,,,,"[""vitamins_and_supplements""]","[""http://stores.gnc.com/greenwood-in-7099?utm_source=facebook&utm_medium=distrib&utm_campaign=facebook-distrib""]","[""https://www.facebook.com/924670137623207""]"
1341ea37-c934-494d-9482-905875b5411a,omf_boise_full.csv,the grove plaza,2083844264.0,801 w main st,801 w main st,,,,,"[""fountain""]","[""http://www.boisedailyphoto.com/2008/08/grove-fountain.html""]","[""https://www.facebook.com/1442289599407153""]"
76b86c5c-abf0-4a43-953d-c730f903fc44,omf_philadelphia_full.csv,jon george md,2154563930.0,1200 w tabor rd tabor medical building moss 3rd floor,1200 w tabor rd tabor medical building moss 3rd floor,,,,,"[""cardiologist""]","[""https://www.zocdoc.com/doctor/jon-george-md-142311""]",[]
9ad2a666-7ce8-4d16-b940-e98d03c611e1,omf_philadelphia_full.csv,ukrainian selfreliance federal credit union,2157254430.0,2307 brown st,2307 brown st,,,,,"[""credit_union""]","[""http://www.ukrfcu.com""]","[""https://www.facebook.com/169561439725399""]"
c6598f9e-bc84-4e74-8d09-aa7e63ea5698,omf_nashville_full.csv,lwr bookkeepers,6154808033.0,8586 sawyer brown rd,8586 sawyer brown rd,,,,,"[""accountant""]","[""http://lwr-bookkeepers.com/""]","[""https://www.facebook.com/343949142140796""]"
c270b2f3-ee60-4774-8659-10a3a4557dd6,omf_reno_full.csv,kaia fit,7753755242.0,75 e patriot blvd,75 e patriot blvd,,,,,"[""boot_camp""]","[""http://www.kaiafitsierra.com/""]","[""https://www.facebook.com/183125241825932""]"
90ca0d30-796f-44e0-a8c2-47b12780dbea,omf_philadelphia_full.csv,chick fil a,2155577853.0,1625 chestnut st ste f8,1625 chestnut st ste f8,,,,,"[""fast_food_restaurant""]","[""http://www.chick-fil-a.com/libertyplace""]",[]
f5a88516-3083-4684-825e-0afd53dec46b,omf_nashville_full.csv,certapro painters of nashville north bowling green,6292604383.0,105 bluegrass commons blvd b,105 bluegrass commons blvd b,,,,,"[""painting""]","[""https://certapro.com/nashvillenorth-bowlinggreen/""]",[]
08b2d609-c1d9-43cd-b624-02c63dbc5d59,omf_nashville_full.csv,los amigos,6159153721.0,4700 lebanon pike,4700 lebanon pike,,,,,"[""mexican_restaurant""]","[""http://www.losamigosmexicantn.com""]","[""https://www.facebook.com/620750708436899""]"
9d0f5611-f54d-4cc5-973b-78dab2d49235,omf_indianapolis_full.csv,washington square cosmetic and family dentistry,3178974163.0,830 n mitthoeffer rd,830 n mitthoeffer rd,,,,,"[""dentist""]","[""http://www.smileindy.com""]","[""https://www.facebook.com/116682388391699""]"
fc39d493-9d0a-4437-b753-d8a05a6576c4,omf_santabarbara_full.csv,vons floral,8059665011.0,2010 cliff dr,2010 cliff dr,,,,,"[""dry_cleaning""]","[""https://local.vons.com/ca/santa-barbara/2010-cliff-dr/floral.html""]",[]
110be6d5-2974-4103-85cf-0e90f6083b95,omf_edmonton_full.csv,kumon,5878550110.0,177 kinglet blvd nw,177 kinglet blvd nw,,,,,"[""tutoring_center""]","[""http://www.kumon.com/edmonton-big-lake-quarters""]","[""https://www.facebook.com/578886045319126""]"
87eb7adf-6e24-46f1-a0d5-d62e280d67c2,omf_indianapolis_full.csv,sara schmidt md,3172162700.0,4880 century plaza rd ste 265,4880 century plaza rd ste 265,,,,,"[""doctor""]","[""http://www.iuhealth.org/primarycare""]",[]
49192397-e43c-43a0-adf5-d1f709d00e08,omf_pittsburgh_full.csv,eidenmiller real estate,4128214340.0,322 grant ave,322 grant ave,,,,,"[""real_estate_agent""]","[""https://www.creditsoup.com/credit-card-finder""]",[]
90341384-50b3-4764-8a76-2181edab0514,omf_pittsburgh_full.csv,randy windreich md,4126925055.0,4401 penn ave,4401 penn ave,,,,,"[""pediatric_oncology""]","[""https://providers.upmc.com/provider/randy-windreich/1322338?utm_source=bing&utm_medium=organic&utm_campaign=business-profile&utm_content=primary-care-pediatrics-swpa-randy-windreich""]",[]
ae9a6f7c-ca6f-4cdf-aac8-3e601805f75f,omf_philadelphia_full.csv,tinicum township swim club,6105212874.0,120 chippewa st,120 chippewa st,,,,,"[""swimming_pool""]","[""http://tinicumswimclub.com/""]","[""https://www.facebook.com/1424495177773949""]"
5a90505e-afd2-42eb-8338-39c42e1a3467,omf_tampa_full.csv,wet seal,8139208901.0,8111 citrus park town center mall,8111 citrus park town center mall,,,,,"[""womens_clothing_store""]","[""http://www.youtube.com/wetseal""]","[""https://www.facebook.com/130401440363682""]"
909faf13-ac13-46ba-9602-eb6b96474a23,omf_indianapolis_full.csv,keyme locksmiths,3177792059.0,6225 allisonville rd,6225 allisonville rd,,,,,"[""professional_services""]","[""https://www.key.me/kiosks/indiana/indianapolis/indianapolis/locksmith-copy-keys-indianapolis-big-lots-46220-indiana""]","[""https://www.facebook.com/103047975288153""]"
3e74fc47-5e95-4000-89a0-9c383dd623b0,omf_santabarbara_full.csv,intuition painting life is an art,,,,,,,,"[""life_coach""]","[""http://www.lifeisanart.net/""]","[""https://www.facebook.com/134565976722134""]"
43ba8c42-56e5-4627-9109-afd05d4e3756,omf_philadelphia_full.csv,hue boba cafe,2672337150.0,4600 woodland ave,4600 woodland ave,,,,,"[""restaurant""]","[""http://huebobaxafe.con/""]","[""https://www.facebook.com/113324915069818""]"
3504808d-ad30-486f-9236-96fcc0a41576,omf_philadelphia_full.csv,amazon locker dall,,dollar tree 2100 cottman ave,dollar tree 2100 cottman ave,,,,,"[""courier_and_delivery_services""]","[""https://www.amazon.com/ulp/add-ap-to-address-book?countryCode=US&accessPointId=61256691&ref_=hubm_us_bm_lkr_61256691""]",[]
511fb9fc-da14-416d-8286-8138aa033034,omf_nashville_full.csv,fujiyama,6153527833.0,3736 annex ave,3736 annex ave,,,,,"[""japanese_restaurant""]","[""http://djspubngrub.com""]",[]
306c1c12-1eee-4d12-a077-80906208869e,omf_tucson_full.csv,university of arizona museum of art,5206217567.0,1031 n olive rd,1031 n olive rd,,,,,"[""art_museum""]","[""http://artmuseum.arizona.edu/""]","[""https://www.facebook.com/128516937195276""]"
c1b3126b-5d81-49a0-a0da-ad0ac4229cc2,omf_philadelphia_full.csv,dunkin,6105831600.0,5 macdade blvd,5 macdade blvd,,,,,"[""donuts""]","[""https://locations.dunkindonuts.com/en/pa/collingdale/5-macdade-blvd/304669?utm_source=facebook&utm_medium=local&utm_campaign=localmaps&utm_content=304669&y_source=1_MTIxMDY0NDYtNTU5LWxvY2F0aW9uLndlYnNpdGU%3D""]","[""https://www.facebook.com/236624299708144""]"
6b436d48-e0e4-4a19-8716-d28d9ab4c0da,omf_tucson_full.csv,haven home health tucson,5203389757.0,1607 n wilmot rd,1607 n wilmot rd,,,,,"[""home_health_care""]","[""https://www.havenhhc.com/""]","[""https://www.facebook.com/359870968318749""]"
ac78844c-1a5c-4252-ae0c-ceac2795ff28,omf_indianapolis_full.csv,berkshire hathaway home services,3178639475.0,10765 lantern rd 102,10765 lantern rd 102,,,,,"[""real_estate_agent""]","[""http://www.bhhsinrealty.com""]",[]
058c4de3-d00b-4b4f-a3a4-2f8111df4601,omf_edmonton_full.csv,two men and a truck canada,7808093060.0,6710 78 ave nw,6710 78 ave nw,,,,,"[""storage_facility""]","[""https://twomenandatruck.ca/movers/ab/edmonton""]","[""https://www.facebook.com/293188524356621""]"
dafd953c-9ac4-45fa-96e9-51a12a03d055,omf_neworleans_full.csv,clean creations,5043095427.0,1105 lafayette st,1105 lafayette st,,,,,"[""restaurant""]","[""https://cleancreations.net/""]","[""https://www.facebook.com/542310725925267""]"
b323f6a1-fa48-4e1a-9fc7-4ab69eeb28b1,omf_pittsburgh_full.csv,chase atm,4123683565.0,146 w bridge st,146 w bridge st,,,,,"[""atms""]","[""https://locator.chase.com/pa/homestead/146-w-bridge-st?jp_cmp=rb%2FLocalListings%2Faff%2Fbranch%2Fna&y_source=1_MTQ5OTI4MDEtNTU5LWxvY2F0aW9uLndlYnNpdGU%3D""]","[""https://www.facebook.com/101070261441095""]"
f9bab244-3d48-4ec5-8a9c-00e028ea1e96,omf_philadelphia_full.csv,philadelphia police 24th district,2156863240.0,3901 whitaker ave,3901 whitaker ave,,,,,"[""police_department""]","[""http://www.phillypolice.com""]","[""https://www.facebook.com/144514935583479""]"
eb79c61d-806a-4674-b209-45398af068b7,omf_philadelphia_full.csv,annunciation of the blessed virgin mary ukrainian catholic church,2156351627.0,1206 valley rd,1206 valley rd,,,,,"[""catholic_church""]","[""https://www.ukrainianbvm.org/""]","[""https://www.facebook.com/321101849988""]"
56c5c62a-1258-40ea-b67d-1b3196128247,omf_neworleans_full.csv,staffmark,5044554414.0,517 clearview pkwy,517 clearview pkwy,,,,,"[""employment_agencies""]","[""https://staffmark.com/find-an-office/""]","[""https://www.facebook.com/1025834040900001""]"
15b4efa9-9d58-49ca-9d8d-c3954fa383c5,omf_tampa_full.csv,spaddy s cafe,9548292111.0,5206 n florida ave,5206 n florida ave,,,,,"[""coffee_shop""]","[""http://www.spaddyscoffee.com""]","[""https://www.facebook.com/103902616631052|https://www.instagram.com/spaddyscoffee""]"
71c9cb1d-cede-4910-a446-253098651b0f,omf_neworleans_full.csv,dodie s,,601 n broad ave,601 n broad ave,,,,,"[""bar""]",[],"[""https://www.facebook.com/326225913900244""]"
bdf2e35b-8d88-4fe4-a640-649ddd7290f1,omf_edmonton_full.csv,ramada by wyndham sherwood park,7804676727.0,30 broadway blvd,30 broadway blvd,,,,,"[""hospital""]","[""https://www.wyndhamhotels.com/ramada/sherwood-park-alberta/ramada-edmonton-east-sherwood-park/overview?CID=LC:k8o22cb7iemt3d1:06636&iata=00093796""]",[]
c4ffb466-c74f-497e-946a-a857d4c04cee,omf_nashville_full.csv,blue barry library,6159392136.0,100 barry dr,100 barry dr,,,,,"[""library""]",[],"[""https://www.facebook.com/107838477607464""]"
f9f6a9ce-d3b7-43ec-997e-41e644189d16,omf_stlouis_full.csv,hoa,3148421313.0,11420 gravois rd,11420 gravois rd,,,,,"[""marketing_agency""]","[""http://www.hoa-stl.com/""]",[]
2011a726-6412-4ad5-bbde-8102337ba2f0,omf_nashville_full.csv,gathering stones music,6156508615.0,317 pullen ave,317 pullen ave,,,,,"[""music_and_dvd_store""]","[""http://www.petermoon.com""]",[]
1b988dfd-06f5-4cd7-9fe9-eceb7cb23254,omf_neworleans_full.csv,westbank roofing company,5043404977.0,1948 industrial blvd,1948 industrial blvd,,,,,"[""roofing""]","[""http://www.westbankroofingco.com/""]","[""https://www.facebook.com/937572212932129""]"
f0631fd6-e1d4-4ec6-9f7b-fbe71f7c07e8,omf_neworleans_full.csv,cafe beinget in the french quarter,,,,,,,,"[""cafe""]","[""www.cafebeignet.com""]","[""https://www.facebook.com/237942372969042""]"
b0a2a68a-c900-43ce-9b21-e64038c7fc92,omf_edmonton_full.csv,superstore clinic,7804642004.0,410 baseline rd,410 baseline rd,,,,,"[""health_and_medical""]",[],"[""https://www.facebook.com/605065759965472""]"
5849b2f1-242d-4d91-94e2-fb0c4abc804f,omf_tucson_full.csv,desert waves studio salon,5208341155.0,7315 n oracle rd,7315 n oracle rd,,,,,"[""beauty_salon""]","[""https://www.desertwavesstudio.com/""]","[""https://www.facebook.com/110748010765114""]"
b354f2c7-5234-4c4c-bbc3-9b17fc36eb8c,omf_reno_full.csv,pizzava,7755670000.0,670 e prater way,670 e prater way,,,,,"[""pizza_restaurant""]",[],"[""https://www.facebook.com/307578175763291""]"
b59709ba-7df9-4cc7-8175-010b8c0ba794,omf_indianapolis_full.csv,sparkle cleaners,3179261991.0,2198 n meridian st,2198 n meridian st,,,,,"[""laundry_services""]","[""http://www.sparklecleaners.com""]",[]
c2aec67f-d535-4e3c-aec0-46e00e0e07e4,omf_indianapolis_full.csv,ian ferries,3173387450.0,8240 naab rd 100,8240 naab rd 100,,,,,"[""surgeon""]","[""https://healthcare.ascension.org/doctors/1144581588/ian-ferries-indianapolis-in""]",[]
326b9912-c80b-49e6-a724-d2fea6a01c3d,omf_stlouis_full.csv,quality carriers,6188752855.0,1133 n 1st st,1133 n 1st st,,,,,"[""freight_and_cargo_service""]","[""http://qualitydistribution.com""]","[""https://www.facebook.com/149121078464721""]"
0926ac45-7d27-47ad-8d46-6e6854f773c9,omf_neworleans_full.csv,new orleans dmv,5044831870.0,100 veterans blvd,100 veterans blvd,,,,,"[""department_of_motor_vehicles""]","[""http://www.dmv.ca.gov/""]","[""https://www.facebook.com/397281853693577""]"
64077b4a-df7f-4717-83a7-8f97c87cad93,omf_philadelphia_full.csv,david michaels hair salon,2156395772.0,1193 bristol pike,1193 bristol pike,,,,,"[""beauty_salon""]","[""http://www.davidmichaelscreativeextensions.com/""]","[""https://www.facebook.com/130710250337577""]"
085d5ef7-9cc4-436f-8376-624e1881f190,omf_edmonton_full.csv,central aesthetics denture clinic,7802649920.0,10709 107 st nw,10709 107 st nw,,,,,"[""dentist""]","[""http://aestheticdentures.ca/""]","[""https://www.facebook.com/107223321225970""]"
ee91248a-65a1-42dd-8d17-5c59b4c331d7,omf_tucson_full.csv,juan salazar jr american family insurance agent tucson az,5207922100.0,1221 w speedway blvd,1221 w speedway blvd,,,,,"[""insurance_agency""]","[""https://www.amfam.com/agents/arizona/tucson/Juan-Salazar""]","[""https://www.facebook.com/117481848283113""]"
4b5d4afd-c97e-4ecf-9c01-754cf2f25ee0,omf_philadelphia_full.csv,voice of praise worldwide minsitries,2152292870.0,3949 n broad st,3949 n broad st,,,,,"[""church_cathedral""]","[""http://www.voiceofpraiseworldwideministries.com""]","[""https://www.facebook.com/111793908856942""]"
f962959b-9031-403f-95e0-02c0b6158f37,omf_edmonton_full.csv,insight medical imaging meadowlark diagnostic imaging,7804898430.0,200 meadowlark shopping ctr nw,200 meadowlark shopping ctr nw,,,,,"[""diagnostic_imaging""]","[""https://x-ray.ca/location/meadowlark-diagnostic-imaging/?utm_source=GmB_Meadowlark&utm_medium=Organic""]",[]
f6b2909c-5344-4562-a2b0-823b29a91789,omf_indianapolis_full.csv,cct underground llc,3179551583.0,1911 stout field east dr,1911 stout field east dr,,,,,"[""construction_services""]","[""http://cct-underground.com""]","[""https://www.facebook.com/184023339092187""]"
22cad234-1468-444a-ae0f-f64b760c35c3,omf_indianapolis_full.csv,taco bell,3178622802.0,3902 s post rd,3902 s post rd,,,,,"[""fast_food_restaurant""]","[""http://www.tacobell.com/""]","[""https://www.facebook.com/178093446061000""]"
0a489202-015b-4842-9203-28f752d8efd9,omf_tampa_full.csv,road to success,8133684273.0,1428 e fletcher ave,1428 e fletcher ave,,,,,"[""event_photography""]",[],"[""https://www.facebook.com/779932652170656""]"
7f0d9f37-da45-4ccc-89b8-7aa6a7d0c672,omf_edmonton_full.csv,optimum process solutions,7804059417.0,10570 31 ave nw,10570 31 ave nw,,,,,"[""business_management_services""]","[""https://www.opsinc.ca/""]",[]
ced63005-9957-4810-86cd-98ab0179fe74,omf_edmonton_full.csv,bert grimmon electric 1974 inc,7809745445.0,15002 78 ave nw,15002 78 ave nw,,,,,"[""electrician""]","[""http://bertgrimmonelectric.com/""]","[""https://www.facebook.com/926842134057917""]"
03f8317c-78be-4a2c-a05c-62b28275c207,omf_indianapolis_full.csv,tea bar,3173774781.0,4351 lafayette rd,4351 lafayette rd,,,,,"[""ice_cream_shop""]",[],"[""https://www.facebook.com/106030501171064""]"
015f5ef7-cb1b-4c14-a056-73fa46ca28f4,omf_nashville_full.csv,stonehouse construction,6154248431.0,6018 hill cir,6018 hill cir,,,,,"[""construction_services""]","[""http://stonehouseconstructiontn.com/""]","[""https://www.facebook.com/552071725230222""]"
b3330833-20f0-4a69-a2f3-5793e1855065,omf_pittsburgh_full.csv,plastic and reconstructive surgery,4126489670.0,3601 fifth avenue falk medical building sixth floor suite 6b,3601 fifth avenue falk medical building sixth floor suite 6b,,,,,"[""hospital""]","[""http://www.upmc.com/Services/plastic-surgery/about/Pages/default.aspx""]","[""https://www.twitter.com/upmcnews""]"
10bdee31-8745-46a3-b28e-f823f2851749,omf_stlouis_full.csv,vincent van doughnut,3144007693.0,5257 shaw ave,5257 shaw ave,,,,,"[""bagel_shop""]","[""http://www.vincentvandoughnut.com""]",[]
0fec9994-661a-4f35-8982-0a5f4fcf70bc,omf_philadelphia_full.csv,wta real estate management,2154644251.0,2100 byberry rd ste 202,2100 byberry rd ste 202,,,,,"[""commercial_real_estate""]","[""http://www.wtarealestate.com/""]",[]
414fd47f-377c-48ea-b1fb-140e2df1902a,omf_pittsburgh_full.csv,allegheny global environmental inc,4122785400.0,37 w mall plz,37 w mall plz,,,,,"[""environmental_and_ecological_services_for_businesses""]","[""http://www.aaglo.com/""]","[""https://www.facebook.com/566221553412102""]"
9b33bd03-a539-4414-9c38-cfe4587b0cb8,omf_pittsburgh_full.csv,hair image,4123433800.0,4100 library rd,4100 library rd,,,,,"[""beauty_salon""]","[""http://creativehairdesign.com""]","[""https://www.facebook.com/232593087471719""]"
ec9eb9e6-b3ba-4542-890d-894e705be405,omf_indianapolis_full.csv,cara j crone np,3173386701.0,8402 harcourt rd 500,8402 harcourt rd 500,,,,,"[""nurse_practitioner""]","[""https://healthcare.ascension.org/find-care/provider/1780160069/cara-crone""]",[]
819f5511-ae5f-4b16-a700-a3c56484af08,omf_edmonton_full.csv,little champs daycare,5877587794.0,8170 50 st nw,8170 50 st nw,,,,,"[""day_care_preschool""]",[],"[""https://www.facebook.com/229234690788685""]"
fa92b865-99d9-47fc-9cf7-f3aadc49abc2,omf_nashville_full.csv,scoreboard reflections,6153606934.0,912 deervale dr,912 deervale dr,,,,,"[""clothing_store""]","[""http://www.scoreboardreflections.com""]",[]
9af5b48d-1879-41da-9812-7131aee553a9,omf_reno_full.csv,victoria s secret pink,7758539516.0,13945 s virginia st ste 614,13945 s virginia st ste 614,,,,,"[""lingerie_store""]","[""https://stores.victoriassecret.com/us/nv/reno/lingerie-1347.html""]",[]
9d76bbda-9616-4ef6-bbe3-ad1981352007,omf_philadelphia_full.csv,harmony hair studio spa,6106221054.0,4007 garrett rd,4007 garrett rd,,,,,"[""hair_salon""]","[""http://www.harmonyhairstudioandspa.com""]",[]
1248782a-1f95-4bf5-ab78-bb7ba3e6b10b,omf_nashville_full.csv,manup girth,8446268744.0,2129 belcourt ave,2129 belcourt ave,,,,,"[""medical_spa""]","[""https://manupgirth.com/""]","[""https://www.facebook.com/527275213802832""]"
8f13fa3d-148a-4941-956a-9cb483d2b9a6,omf_philadelphia_full.csv,the golfers inn,6104496000.0,351 e township line rd,351 e township line rd,,,,,"[""hotel""]","[""https://www.thegolfersinn.com/""]","[""https://www.facebook.com/569677499568969""]"
a36001ec-e715-4e68-bebe-223187972c54,omf_indianapolis_full.csv,ltg fitness,3173851158.0,4359 sellers st,4359 sellers st,,,,,"[""sports_and_recreation_venue""]","[""http://www.ltgfitness.com""]","[""https://www.facebook.com/428631477205954""]"
21c40e69-119e-4575-8038-b3bd0bf31452,omf_tampa_full.csv,homesmart international,8132350173.0,100 s ashley dr,100 s ashley dr,,,,,"[""real_estate""]","[""https://bit.ly/3vEg28e""]","[""https://www.facebook.com/111289548342504""]"
ad120b6e-a5c3-44de-98d0-ebb5923aec9a,omf_tampa_full.csv,harvest hope center kitchen community garden,8135585212.0,13704 n 20th st,13704 n 20th st,,,,,"[""community_center""]","[""http://ucdc.org""]","[""https://www.facebook.com/1572933296257084""]"
0e6b71c4-a4c4-4807-9e05-b945d82b2419,omf_philadelphia_full.csv,affinity toastmasters club,2677977187.0,315 york rd,315 york rd,,,,,"[""social_club""]",[],[]
ab2787b4-18b5-4ac2-ab76-55a85469e661,omf_philadelphia_full.csv,wesley apothecary,2158874577.0,108 s easton rd,108 s easton rd,,,,,"[""pharmacy""]","[""http://www.wesleypharmacy.com/""]","[""https://www.facebook.com/634905679903279""]"
5d274b73-7f6e-4ae9-b9bf-3b00d72acf55,omf_philadelphia_full.csv,university of pennsylvania translational research laboratory,2155734583.0,125 s 31st st,125 s 31st st,,,,,"[""campus_building""]","[""https://www.facilities.upenn.edu/maps/locations/translational-research-laboratory""]","[""https://www.facebook.com/134520486701662""]"
be35650f-3065-4917-98eb-b7f5671ff3e0,omf_philadelphia_full.csv,january salon,8562908643.0,648 w cuthbert blvd,648 w cuthbert blvd,,,,,"[""beauty_and_spa""]","[""https://january-salon.square.site/""]","[""https://www.facebook.com/106314151902834""]"
bbd614d7-fc8c-4a56-9579-c19d4db51c53,omf_tampa_full.csv,university of south florida center for entrepreneurship,8139747900.0,4202 e fowler ave,4202 e fowler ave,,,,,"[""college_university""]","[""http://www.ctr.usf.edu/scc/""]","[""https://www.facebook.com/100228666739182""]"
641ee47c-c63a-4ef6-a0fd-fb774a54b36e,omf_philadelphia_full.csv,istorage,8564576584.0,1701 crown point rd,1701 crown point rd,,,,,"[""self_storage_facility""]","[""https://www.nsastorage.com/storage/new-jersey/storage-units-west-deptford/1701-Crown-Point-Rd-452""]",[]
3b5b6a8b-4768-40cb-addd-b4edb8f25376,omf_indianapolis_full.csv,46th st tire,3172590168.0,2109 e 46th st,2109 e 46th st,,,,,"[""tire_dealer_and_repair""]",[],"[""https://www.facebook.com/139745482755750""]"
5c6b3f82-a35d-4983-8f3c-9b8724fa7eaa,omf_nashville_full.csv,loomis,6152274370.0,3020 brick church pike,3020 brick church pike,,,,,"[""financial_service""]","[""http://www.loomisfargo.com""]","[""https://www.facebook.com/348111619310012""]"
624e2fb7-acb9-49f4-8cf7-e631ec977f65,omf_santabarbara_full.csv,the piano kitchen,4307673283.0,430 rose ave,430 rose ave,,,,,"[""music_venue""]","[""https://santabarbara.jazznearyou.com/index_seo.php?url=the-piano...""]","[""https://www.facebook.com/468996819876765""]"
29866910-d64e-47a3-888f-6bcba04202b5,omf_nashville_full.csv,regeneration nashville,6156061635.0,726 w old hickory blvd,726 w old hickory blvd,,,,,"[""religious_organization""]",[],"[""https://www.facebook.com/101664182029581""]"
9e3e2966-473b-4111-a832-ab9a7327a4f7,omf_neworleans_full.csv,t s travel tax services,5043945828.0,2417 regency pl,2417 regency pl,,,,,"[""travel_services""]","[""http://citizensinsurancedisability.com""]","[""https://www.facebook.com/864990500252070""]"
6e3875ea-f3dc-48fa-b855-ae074845ab6b,omf_tucson_full.csv,mister car wash,5207219290.0,2409 s kolb rd,2409 s kolb rd,,,,,"[""auto_detailing""]","[""http://www.mistercarwash.com/""]",[]
0be98f36-48b3-448b-a95a-8abe055fbcc5,omf_tampa_full.csv,baird robert w co inc,8132213030.0,401 e jackson st ste 2900,401 e jackson st ste 2900,,,,,"[""financial_service""]","[""http://www.rwbaird.com""]",[]
d7b4ef4a-206e-478a-b9bf-2369b4bae31f,omf_pittsburgh_full.csv,dr kathryn duncan friedman d d s dentist,4122819411.0,355 5th ave ste 1520,355 5th ave ste 1520,,,,,"[""dentist""]","[""https://www.atlasdentalspecialists.com""]",[]
e1e0d5de-f4b9-4572-8b7f-2567a9d0919d,omf_tampa_full.csv,la petite academy,8772716466.0,15707 mapledale blvd,15707 mapledale blvd,,,,,"[""day_care_preschool""]","[""http://www.lapetite.com""]","[""https://www.facebook.com/158640807502423""]"
4e0daa16-006f-473f-a4bf-19636ec1296e,omf_philadelphia_full.csv,formation,8562732491.0,121 whittendale dr,121 whittendale dr,,,,,"[""computer_store""]","[""http://www.formation.com""]","[""https://www.facebook.com/149163171768682""]"
0a187c33-c980-4e54-8236-e79f3df5fd49,omf_tucson_full.csv,autoworx,5202052415.0,120 s euclid ave,120 s euclid ave,,,,,"[""automotive_repair""]","[""https://www.autoworx.net""]",[]
06d244ce-2368-40b7-9a34-43636d7b1b63,omf_philadelphia_full.csv,sewer plant,8564569557.0,202 pershing rd,202 pershing rd,,,,,"[""public_and_government_association""]",[],"[""https://www.facebook.com/149331811776946""]"
978ebced-5042-48bf-bdde-40688c1e5b91,omf_tucson_full.csv,air tight recording studio,5207893917.0,128 s kolb rd ste 128,128 s kolb rd ste 128,,,,,"[""music_production_services""]",[],[]
c9f9d5a4-ce4f-4318-a264-fc3c2e0777c7,omf_stlouis_full.csv,r l long and son wholesale motor,6182713482.0,1520 summit ave,1520 summit ave,,,,,"[""automotive_parts_and_accessories""]",[],"[""https://www.facebook.com/162244993805024""]"
1ef32c52-73c6-4858-a166-5db4f0a4b1f9,omf_reno_full.csv,desert rose dollar store,7758255464.0,2700 s virginia st,2700 s virginia st,,,,,"[""discount_store""]","[""http://www.dollarkingreno.com/""]","[""https://www.facebook.com/1724342964462245""]"
514cd901-e26b-4047-8461-d3ed3ff052be,omf_philadelphia_full.csv,lot 14,8567579300.0,29 n front st,29 n front st,,,,,"[""parking""]","[""https://en.parkopedia.com/parking/lot/lot_14/08102/camden/?vendor=here""]","[""https://www.facebook.com/201022700715356""]"
9a875bca-b6bd-4b37-9ebd-ed994de61093,omf_stlouis_full.csv,east st louis il,,,,,,,,"[""public_and_government_association""]","[""http://www.cesl.us/""]","[""https://www.facebook.com/106214556083441""]"
8fddccc3-39f9-4f14-89a7-5a970d0a7f7d,omf_indianapolis_full.csv,raintree mkt,3176432389.0,882 e coil st,882 e coil st,,,,,"[""delicatessen""]","[""http://raintreemkt.com/""]","[""https://www.facebook.com/112332100691507""]"
df53d342-4c43-4b76-b3cd-77fbd5817227,omf_nashville_full.csv,dr m demolition,6154361887.0,3124 ewingdale dr,3124 ewingdale dr,,,,,"[""contractor""]","[""http://www.drmdemolition.com/""]","[""https://www.facebook.com/2118930231768111""]"
4efdd57f-b6e3-412f-ad83-08da7fbb145d,omf_philadelphia_full.csv,pnc,2156985969.0,2401 welsh rd,2401 welsh rd,,,,,"[""bank_credit_union""]","[""https://apps.pnc.com/locator/location-details/pennsylvania/philadelphia/19114/00630020/welsh-road?lnksrc=branch-listing-facebook""]","[""https://www.facebook.com/165367450158875""]"
9489661a-6f1b-4c1d-828d-a8e355631e8d,omf_tampa_full.csv,stephenson international shipping inc,6562280042.0,1717 s 50th st,1717 s 50th st,,,,,"[""freight_and_cargo_service""]","[""http://www.stephensonintlshipping.com/""]",[]
05a7cc1d-eeb7-424a-86cd-f00b3aa6c9ab,omf_boise_full.csv,aftermath towing,2085990511.0,12095 w lewisburg ct,12095 w lewisburg ct,,,,,"[""towing_service""]",[],[]
683b7410-9be3-4681-a65f-f7c84b42e01e,omf_stlouis_full.csv,identogo,3146477172.0,3240 laclede station rd,3240 laclede station rd,,,,,"[""post_office""]","[""https://www.identogo.com""]","[""https://www.facebook.com/201022600511160""]"
cdfd44bc-67b3-4819-b398-69dbe5a97105,omf_edmonton_full.csv,strathcona canadian pacific railway station,,,,,,,,"[""train_station""]",[],"[""https://www.facebook.com/137959129567206""]"
a7f9ad50-b99e-4e10-970a-3f771bab86ec,omf_tucson_full.csv,libertyx bitcoin atm,8005118940.0,3015 e benson hwy,3015 e benson hwy,,,,,"[""atms""]","[""https://libertyx.com/a/buy-bitcoin/locations/AZ/tucson/3015-e-benson-hwy?y_source=1_MjkzNzk2NzctNTU5LWxvY2F0aW9uLndlYnNpdGU%3D""]","[""https://www.facebook.com/105847385327893""]"
347a1e07-cec3-4f4d-a61c-ea0edac4c6d3,omf_neworleans_full.csv,entergy,8003683749.0,4021 behrman hwy,4021 behrman hwy,,,,,"[""electricity_supplier""]","[""https://www.entergy.com/""]",[]
dc15c247-3b97-4410-ad21-bfbc20cb0911,omf_boise_full.csv,idaho interlock,2088671337.0,426 n orchard st,426 n orchard st,,,,,"[""legal_services""]","[""https://boiseidahointerlock.com/""]","[""https://www.facebook.com/2083032215151464""]"
9a781d12-cb74-4ad7-9c54-0c37948fb042,omf_nashville_full.csv,batch,6159133912.0,2728 eugenia ave suite 108,2728 eugenia ave suite 108,,,,,"[""flowers_and_gifts_shop""]",[],"[""https://www.facebook.com/101622231842033""]"
c7decf67-0b4f-4df8-a4f2-2f1e27df21ef,omf_pittsburgh_full.csv,forbes jewelry,4125219020.0,5884 forbes ave,5884 forbes ave,,,,,"[""jewelry_store""]","[""http://www.forbesjewelrypittsburgh.com""]",[]
b40a44a3-65d3-40f0-8981-3610577b794d,omf_pittsburgh_full.csv,metropolitan ent associates upmc,7247722711.0,1400 locust st building d ste 2100,1400 locust st building d ste 2100,,,,,"[""cosmetic_surgeon""]","[""https://www.upmc.com/services/ear-nose-throat/locations/southwest-pa/pittsburgh/uptown/1400-locust-st-suite-2100?utm_source=bing&utm_medium=organic&utm_campaign=business-profile&utm_content=ear-nose-throat-swpa-metropolitan-ent-associates-upmc""]",[]
4c4fdb71-8f85-4c66-97f3-bfe8fbbca260,omf_philadelphia_full.csv,down,2155464695.0,262 s 15th st,262 s 15th st,,,,,"[""dance_club""]","[""http://www.downphiladelphia.com""]",[]
e3f21cb5-6eb1-444d-981d-f73ea14e3c47,omf_nashville_full.csv,dunn chiropractic healthcare clinic,6153831246.0,2416 21st ave s ste 101,2416 21st ave s ste 101,,,,,"[""medical_center""]","[""https://dunnwithpain.com""]","[""https://www.twitter.com/dunnwithpain|https://www.facebook.com/425470364131870""]"
af4d5f5a-ea68-41ed-b7d4-acbeff0fcceb,omf_tampa_full.csv,heights professional suites,8137735439.0,120 e martin luther king blvd,120 e martin luther king blvd,,,,,"[""real_estate""]",[],"[""https://www.facebook.com/376227018902317""]"
9eda6697-f82f-4fc0-8f5f-f3e7b82fbaf3,omf_edmonton_full.csv,mike finland park,,79 street 98 ave nw,79 street 98 ave nw,,,,,"[""park""]",[],"[""https://www.facebook.com/107374270766325""]"
1cfbad8f-5ff7-4003-9f41-59ac3aa30b3c,omf_tucson_full.csv,14k jewelers,5206170398.0,9 n 6th ave,9 n 6th ave,,,,,"[""jewelry_store""]",[],"[""https://www.facebook.com/182958092411875""]"
ac912126-29c5-4095-b2e9-8454cc0423b2,omf_pittsburgh_full.csv,rockys,4122768610.0,1201 washington ave,1201 washington ave,,,,,"[""diner""]","[""http://www.rockys1.com""]","[""https://www.facebook.com/117114001640526""]"
591f52de-8949-41e5-9f00-b858f939ed8f,omf_neworleans_full.csv,brendan fox new orleans realtor,5047177680.0,4141 veterans blvd,4141 veterans blvd,,,,,"[""real_estate_agent""]","[""https://b-fox.remaxlivingnola.com/""]","[""https://www.facebook.com/220709011135584""]"
f620a574-49e5-4395-a237-fa78fd8a9abc,omf_philadelphia_full.csv,waste management camden nj,8562833362.0,1001 fairview st,1001 fairview st,,,,,"[""junk_removal_and_hauling""]","[""https://www.wm.com/?cmp=LocalSEO_BingPlaces_CamdenNJ_Hauling&utm_source=BingPlaces&utm_medium=local&utm_campaign=CamdenNJ_Hauling""]",[]
c86f9890-b0c7-49a3-94ec-c4da00e4d394,omf_stlouis_full.csv,grounded counseling stl,3142073372.0,4500 s kingshighway blvd,4500 s kingshighway blvd,,,,,"[""counseling_and_mental_health""]","[""http://groundedcounselingstl.com/""]","[""https://www.facebook.com/296688010991702""]"
367275d3-83a5-4be2-bc5f-a8de2de558c3,omf_tampa_full.csv,rio palm nutrition,8139654751.0,7744 palm river rd,7744 palm river rd,,,,,"[""tea_room""]","[""https://hrbl.me/OPCQ3_USEN_LoginPage_210914""]","[""https://www.facebook.com/770054463041645""]"
27432b27-9a3d-404b-8b00-853ecbcc8366,omf_edmonton_full.csv,queen donair 82 ave,7802135190.0,8943 82 ave nw,8943 82 ave nw,,,,,"[""restaurant""]",[],"[""https://www.facebook.com/135884929801996""]"
c884ddf1-3896-4f6b-aa01-540e3b6fa91a,omf_indianapolis_full.csv,easley winery trade assets,3176364516.0,205 n college ave,205 n college ave,,,,,"[""music_venue""]","[""http://www.easleywinery.com/""]",[]
aa750e61-3c43-45d4-ada4-0e2228b39c5b,omf_reno_full.csv,martinez auto repair,7753232525.0,320 quincy st,320 quincy st,,,,,"[""automotive_repair""]","[""https://martinez-auto-repair.business.site""]","[""https://www.facebook.com/100210386413698""]"
50925392-869e-4f8f-bc63-f0cecec8817e,omf_tampa_full.csv,canoe escape,8139862067.0,9335 e fowler ave,9335 e fowler ave,,,,,"[""rental_service""]","[""http://www.canoeescape.com/""]","[""https://www.facebook.com/137844632929263""]"
40098dbb-779c-4f29-a8fb-63c1995765ef,omf_indianapolis_full.csv,jw s plumbing services,3177196759.0,2715 cardigan rd,2715 cardigan rd,,,,,"[""plumbing""]","[""https://jwsplumbing.net/""]",[]
4bf4dc42-2ecf-4808-879c-0a0b460cbb65,omf_indianapolis_full.csv,indycatholic,3175924006.0,1400 n meridian st,1400 n meridian st,,,,,"[""church_cathedral""]","[""http://www.indycatholic.org/""]","[""https://www.facebook.com/421415660214""]"
d3badb4a-f777-4280-941f-c34aaa543a1d,omf_tucson_full.csv,coinhub bitcoin atm,7027634443.0,3051 e 36th st,3051 e 36th st,,,,,"[""atms""]","[""https://coinhubatm.com/""]",[]
da57e226-cade-4a85-b7af-e8e4e44058cd,omf_philadelphia_full.csv,frequency 215,2159364191.0,10824 harrow rd,10824 harrow rd,,,,,"[""music_production""]","[""http://Www.frequency215.com/""]","[""https://www.facebook.com/547791815258238""]"
113719d0-9965-4fd4-8e8e-760eafa77d5f,omf_reno_full.csv,globe life american income division,8008420022.0,255 w moana lane ste 212,255 w moana lane ste 212,,,,,"[""life_insurance""]","[""https://agency.ailife.com/united-states/nevada/reno/ao""]",[]
f2289a61-c669-43fb-820c-cf8aeae8dfbe,omf_stlouis_full.csv,treasure aisles antique mall,3146476875.0,2317 s big bend blvd,2317 s big bend blvd,,,,,"[""antique_store""]","[""http://maplewoodantiquemall.com/""]","[""https://www.facebook.com/174185642651054""]"
f720dcd7-6688-46eb-875d-394ac21c668d,omf_stlouis_full.csv,world pediatric project,3143178809.0,1325 n warson rd,1325 n warson rd,,,,,"[""community_services_non_profits""]","[""http://www.worldpediatrics.org/""]","[""https://www.facebook.com/110689564952606""]"
99d8b41f-5f41-41c5-8575-db2dbd1201a4,omf_nashville_full.csv,todd a dorfman md,6153295144.0,301 21st ave n 100,301 21st ave n 100,,,,,"[""cardiologist""]","[""https://healthcare.ascension.org/find-care/provider/1619180403/todd-dorfman""]",[]
f786fa6a-249f-4e94-823e-c183ea38a10e,omf_reno_full.csv,conus interstate inc,7753588003.0,155 glendale ave,155 glendale ave,,,,,"[""freight_and_cargo_service""]","[""http://www.conusinterstate.com""]","[""https://www.facebook.com/405947822944441""]"
6f2c84ea-38a7-4f40-8133-b7288edbbfe8,omf_tampa_full.csv,naylee aesthetics,8134211309.0,550 n reo st ste 300,550 n reo st ste 300,,,,,"[""waxing""]","[""https://nayleeaesthetics.com/""]",[]
